Note,Description
Lavender,"A highly versatile aromatic plant whose oil is commonly used in perfumery, providing fresh, floral, herbal, and camphoraceous notes. It is a fundamental aromatic element when blended with coumarin to establish the defining framework of the classic Fougère fragrance structure. The absolute form offers a smooth, luscious quality with coumarin-like sweetness. Linalool and Linalyl Acetate are key chemical components"
Bergamot,"A traditional citrus top note, cold-pressed from the rind, characterized by a sweet, light orange peel scent complemented by a floral nuance. It is foundational to the classical Eau de Cologne and Chypre fragrance families. Furanocoumarins in the crude oil are highly phototoxic, requiring FCF (Furanocoumarin-Free) versions for responsible cosmetic use"
Coriander,"An herb used in cooking whose oil provides an aromatic, floral, and camphoraceous profile. Coriander may have been cultivated in Greece since at least the second millennium BCE for the manufacture of perfumes. The fresh leaves spoil quickly and lose their aroma when dried or frozen"
Rosemary,"An aromatic shrub contributing sharp, herbaceous, and resinous notes. Its oil was the basis of the Hungarian queen's-water (Aqua Reginae Hungariae), one of the first perfumes made by distillation. It is critical for setting the aromatic framework of the Fougère structure when combined with lavender and coumarin"
Ginger,"A rhizome used in spicy blends. Ginger essential oil contains citral, which provides a lemony character to fresh ginger. The spicy taste and warming qualities come from substituted phenols, gingerols/shogaols"
Anise,"An aromatic spice with a powerful odor characteristic of (E)-anethole, its main component, which is present at high concentrations (87–94%) in the seed oil. Anethole has a sweet, licorice-like scent and flavor, and anise is traditionally cultivated since antiquity"
Cloves,"The dried flower buds of the *Syzygium aromaticum* tree, commonly used as a spice and fragrance. Clove oil is highly concentrated in eugenol (ca. 80%), which gives it a powerful, spicy, clove-like scent, making it essential for spicy/oriental compositions. It blends well with woody and amber notes"
Clove,"The dried flower buds of the *Syzygium aromaticum* tree, commonly used as a spice and fragrance. Clove oil is highly concentrated in eugenol (ca. 80%), which gives it a powerful, spicy, clove-like scent, making it essential for spicy/oriental compositions. It blends well with woody and amber notes"
Jasmine,"A highly prized white floral note. Jasmine absolute is a brownish paste with an intensely floral, warm, rich, and highly diffusive odor, requiring thousands of freshly picked flowers to produce a small amount. Its complexity comes from compounds like benzyl acetate and indole, and it functions as a potent natural fixative"
Musk,"A foundational fixative note, typically characterized by clean, soft, sweet, and powdery aromas. Synthetic macrocyclic musks (like Galaxolide and Ethylene Brassylate) are now preferred for stability and ethical sourcing, offering improved profiles compared to older animal-derived or nitromusks. Musks enhance substantivity and ensure the long-term presence of a fragrance"
Cedar,"A major woody note derived from various conifers. Cedarwood oils typically contain cedrol and cedrene. The scent profile ranges from an austere, pencil-like aroma (Virginia/Red Cedar) to a deeply woody and warm base, valued for structural support and functioning as a fixative"
Tonka Bean,"A material containing the aromatic lactone coumarin, which is largely liberated upon fermentation. It provides a warm, sweet profile reminiscent of hay, almond, and tobacco. It is the foundational element of the Fougère fragrance architecture and acts as an excellent, highly substantive fixative, often lasting over 400 hours"
Oakmoss,"A deep, earthy, mossy base note derived from the lichen *Evernia prunastri*. It is a historical cornerstone of the traditional Chypre and Fougère fragrance structures. Due to regulatory concerns over potent allergens (atranol and chloroatranol), commercially available extracts must be treated to be low-atranol"
Leather,"A complex fantasy note used to evoke scents reminiscent of hide or animals. Historically linked to animal sources like castoreum, modern leather notes are often synthesized using materials like isobutyl quinoline, ranging from smoky and tar-like to refined and smooth"
Artemisia,"A genus of herbs often having pungent essential oils. Artemisia oil (armoise oil), such as that from white wormwood, is used in fine perfumery for Chypre notes. Southernwood (*A. abrotanum*) provides a sweetish, complex aromatic odor, sometimes reminiscent of ambra or ambergris"
Aldehydes,"Organic compounds used to create lift, diffusion, and clean, crisp, soapy, and fresh notes. They are highly reactive but essential, providing high-impact effects even in trace amounts. Classic aldehydes revolutionized perfumery in fragrances like Chanel No. 5"
Caraway,"A spice whose seed oil is characterized by carvone, providing the typical aroma. It is typically used in aromatic spicy compositions. Caraway is sometimes classified as a cold/long spice"
Basil,"An herb considered an aromatic note by perfumers. It is often regarded as a spicy note in its European variety due to high concentrations of Eugenol. European basil oil contains high levels of Linalool and Methyl Chavicol (estragole)"
Fir,"A conifer providing sharp, woody-piney, fresh, green, and balsamic notes. Fir needle oils contain monoterpene hydrocarbons and (-)-bornyl acetate. Balsam fir resin contains diterpenes that can be transformed into ambroxide, replicating the ambergris odor"
Carnation,"A floral note historically valued for its powdery and spicy-sweet vanilla-floral odor. The scent is often simulated using Isoeugenol, a phenolic compound with distinctive carnation characteristics. Carnation accords are frequently incorporated into both women's and men's fragrances"
Pepper,"A spice used for its sharp, piquant, and warm spicy qualities. Black pepper contains the non-volatile compound piperine responsible for its burning effect, while pink pepper (*Schinus molle*) oil has a sweeter, fresh odor and provides diffusivity"
Sage,"An aromatic herb used in the greens and herbs fragrance categories. Clary Sage oil (*Salvia sclarea*) is characterized by sweet, herbaceous, amber, and tobacco notes. It is often used in Fougère and aromatic blends and is a natural source of sclareol"
Geranium,"A floral and herbaceous note often derived from *Pelargonium* species. Geranium oil has a rose-like, green, and minty odor. Citronellol and Geraniol are key chemical components, and the oil is widely used in soap perfumes and luxury fragrances like Youth-Dew"
Incense,"A resinous balsamic ingredient, typically derived from resins like Olibanum (frankincense). It is used for its deep, lingering trail and adds originality and projection to compositions, pairing well with woody scents. Olibanum smoke is influenced by terpenoid pyrolysis products"
Patchouli,"A potent base note providing a sweet-spicy, herbaceous, peppery, and earthy profile with a distinct, slightly camphoraceous woody aroma. Its exceptional fixative strength comes from its high content (52–60%) of the non-volatile alcohol, Patchoulol. It functions as a dominant anchor in woody and oriental bases"
Amber,"A warm, sweet, and powdery fantasy note created by blending materials such as vanilla, patchouli, and benzoin. Amber notes are foundational to the Oriental family, connecting intense sweetness with dry, resinous notes, providing depth and structural support"
Coconut,"A gourmand aroma primarily resulting from delta-lactones, such as (R)-(+)-delta-hexalactone and (R)-(+)-delta-octalactone, which provide the characteristic coconut aroma from the oily flesh of the seeds. The term delta-decalactone is noted for a rich, creamy coconut scent"
Orange Blossom,"The flower oil of the bitter orange (*Citrus aurantium*). When steam distilled, it yields neroli oil, and through extraction, the absolute. It is characterized as a sweet, honeyed floral citrus note and is a classical ingredient in Eau de Cologne formulas"
Cassia,"A spice closely related to cinnamon (*Cinnamomum verum*), but typically referring to *C. cassia*. Cassia contains high levels of the compound coumarin, whereas true cinnamon contains minimal amounts, making high daily consumption of cassia a health risk"
Black Currant,"A fruity note whose distinct green leaf nuance is often replicated by the synthetic molecule Stemone. The buds yield an extract with fruity, sulfuric, and green notes, valued in certain Chypre bases and Colognes due to the intensity of the oil"
Plum,"A fruity note whose aroma is influenced by ketones called damascone isomers. It adds a fruity nuance, sometimes perceived as plum-like or blackcurrant-like"
Peach,"A fruity note whose aroma is primarily due to lactones, especially gamma- and delta-decalactone, which lend a creamy peach aroma. Peach notes add softness and warmth to floral fragrances"
Tangerine,"A citrus note that provides an invigorating and energizing top note. It is the seedless, loosely peeled variety of mandarin orange (clementine) that offers a deep orange color with a glossy appearance"
Tuberose,"A white flower offering an intensely rich, heavy, and narcotic floral odor. Tuberose absolute is a valuable but fragile material, often having sweet, spicy, honeysuckle, and balsam notes. It is obtained by solvent extraction via the concrete"
Hiacynth,"A fragrant flower whose oil constituents include the tertiary ocimenol, 3,7-dimethyl-1,3(E),5(E)-octatriene-7-ol, and (E)-cinnamic alcohol, which has a balsamic odor. Hyacinth provides green, sweet, and narcotic notes to floral bouquets"
Ylang-Ylang,"A tropical flower whose oil is obtained by steam distillation, resulting in a powerful, floral, and intensely sweet odor with a distinctive cresylic and benzoate-like top note. It contains major aromatic components such as benzyl acetate and p-cresyl methyl ether, and is highly used in fine perfumery"
Rose,"The most celebrated of florals, whose oil and absolute are characterized by rose alcohols (citronellol, geraniol), trace components like beta-damascenone (contributing fruity/plum nuance), and Rose Ketones. Rose oil forms the basis of heavy Oriental compositions and is produced globally"
Freesia,"A delicate floral note often referenced for its elegance. Its scent profile combines a flower fragrance with notes of freesia and osmanthus. Due to minimal extractable odorants, Freesia is typically a subtle, supporting floral component"
Iris,"The orris root (rhizome of the iris) is prized for its scent. The unique, fine fragrance is owed to the presence of methylionones (-)-cis-gamma-irone and (-)-cis-alpha-irone, imparting a floral, distinctly powdery, and woody nuance"
Heliotrope,"A flower with a sweet scent commonly described as vanilla-like, but lighter and with a delicate caramel note. The odour is often associated with the compound heliotropin (3,4-methylenedioxybenzaldehyde) which is strongly reminiscent of the flower's scent"
Violet,"A delicate flower whose fragrance is typically created by ionones (alpha-ionone, beta-ionone), delivering a floral, distinctly powdery, and slightly woody nuance. Violet leaf oil has a uniquely sharp, intense green odor"
Civet,"A soft, oily animalic secretion from the African civet, used in perfumery for its note suggestive of leather and its musky fixative properties. Its distinctive odor is attributed to the macrocyclic ketone civetone, which becomes pleasantly and sweetly aromatic when diluted"
Vetiver,"A deep, strong base note distilled from the roots of perennial grass (*Vetiveria zizanoides*). It captures an earthy, smoky, and woody essence, functioning as a powerful fixative and grounding anchor. Haitian production is often preferred for its quality"
Vanilla,"A cornerstone sweet note whose primary odorant is vanillin (4-hydroxy-3-methoxybenzaldehyde). It provides warmth, sweetness, and fixative properties, often softening floral and woody blends. Vanilla is essential in gourmand and oriental accords"
Green Leaves,"A category of compounds giving a green, grassy, or piquant quality. The freshly cut grass smell arises from the rapid enzymatic breakdown of fatty acids, resulting in highly odoriferous C6-compounds like (Z)-3-hexenol and (Z)-3-hexenyl acetate"
Mint,"An aromatic note that imparts a sharp menthol odor, valued for its cooling and invigorating sensation. Peppermint oil (*Mentha piperita*) is rich in (-)-menthol, often functioning as an impactful top note appreciated in warmer compositions"
Melon,"A fruity note characterized by watery, sweetish flesh, with aroma notes shared with cucumber but with a fruity shading. The most important aroma compounds are C9 metabolites of linolenic acid, such as (E,Z)-2,6-nonadienal"
Orris Root,"The powdered rhizome of the sweet iris, *Iris pallida*, which is prized for its fine violet-like and distinctly powdery odor acquired after a lengthy aging process. The key odorants are the methylionones, such as (-)-cis-gamma-irone"
Ambroxide,"A highly powerful synthetic terpenoid, and the principal component replicating the complex, dry ambergris aroma. Its profile is dry amber, driftwood, old paper, and woody. Ambroxide provides extreme longevity (over 400 hours) as a superior base anchor and fixative"
Cashmeran,"A versatile synthetic ketone delivering a distinctive musky scent with woody and slightly spicy undertones. It provides warmth and a sensual, velvety texture, used widely in fine fragrances and often referenced for a powdery effect"
Iso E Super,"The dominant trade name for Tetramethyl Acetyloctahydronaphthalenes (TMAHN). This synthetic woody-amber cornerstone is known for its smooth, woody-ambery aroma with cedar-like facets, acting as a primary diffusion enhancer and structural filler"
Labdanum,"The aromatic resin from the rockrose (*Cistus ladaniferus*), often called ""Vegetable Ambergris"". It offers a warm, amber, suave, musky, woody, spicy, smoky, and balsamic scent, acting as an indispensable, highly effective fixative for Oriental and Chypre perfumes"
Mastic Tree,"The resin from the mastic tree (*Pistacia lentiscus*), often referenced for its green, galbanum-like, and cistus notes, classified under the category of resins and balsams"
Citruses,"A general classification for hesperidic fruits and citrus-smelling materials (like verbena and lemongrass). Citruses provide a refreshing and effervescent top note, acting as precursors to other notes"
Lemon,"A citrus note providing a sharp, bright citrus top note. Lemon peel oil is dominated by (+)-limonene and the aldehyde citral (geranial + neral), providing the characteristic flavor and lift"
Cyclamen,"A floral note that can be recreated using synthetic aldehyde compounds like Hydroxycitronellal and Bourgeonal, resulting in floral, aldehydic, and watery accords. Some natural species emit the sesquiterpene alcohol (-)-(E)-dihydrofarnesol"
Lily Of The Valley,"Also known as Muguet. Its light floral, sweet, and delicate scent is benchmarked by the classic synthetic Hydroxycitronellal, a floralizer with high tenacity (up to 40 hours)"
Cedarwood,"A major woody note derived from conifers like *Juniperus* and *Cedrus* species. Its odor is attributed to cedrol and cedrene. It functions as a base note fixative, providing woody structure to a composition"
Tarragon,"An herb used for fresh, aromatic notes. The cultured variety (French Tarragon) has a characteristic powerful aroma due to its main component, estragole (methylchavicol), which has a sweet, mildly anisic odor"
Pineapple,"A tropical fruit whose aroma is characterized by specific esters, such as methyl 2-methylbutanoate and ethyl 2-methylpropanoate, along with furaneol and mesifurane. Pineapple notes contribute a fruity, juicy, exotic scent"
Cardamom,"The ""Queen of Spices"", known for its sweet, spicy, warm, camphoraceous, and balsamic odor. Its oil is a signature element in oriental/spicy compositions, valued for its complex profile"
Agarwood,"Also known as Oud. This fragrant, dark, and resinous wood is formed when *Aquilaria* trees are infected with mold. It is one of the most expensive natural materials, prized for its complex, elegant, sweet-woody odor"
Oud,"Also known as Agarwood. It is a prized base material in Middle Eastern perfumery for its distinctive, dark, and resinous scent, utilized in colognes, incense, and perfumes. Synthetic substitutes replicating its aroma are the commercial standard"
Agarwood (Oud),"This fragrant, dark, and resinous wood is formed when *Aquilaria* trees are infected with mold. It is a prized base material in Middle Eastern perfumery for its distinctive, dark, and resinous scent, utilized in colognes, incense, and perfumes. It is one of the most expensive natural materials, prized for its complex, elegant, sweet-woody odor. Synthetic substitutes replicating its aroma are the commercial standard"
Brazilian Rosewood,"An oil whose wood was historically a valuable essential oil in perfumery, offering a balsamic, floral, and slightly rose-like odor. It was formerly an important source of the alcohol Linalool, though the tree is now threatened"
Sichuan Pepper,"A spice whose aroma profile includes the compound piperine, which is responsible for the pungent and tingling effect. It is used in spicy/citrus compositions"
Mandarin Orange,"A citrus fruit whose oil has an elegant, deep, sweet, orange-like character, with methyl N-methylanthranilate contributing a neroli-like nuance. The fruit is the ancestor of the widely cultivated clementine hybrid"
Fig,"A fruit note whose scent can be captured in fig leaf absolute, characterized as sweet-green, herbaceous, and woody with a mossy undertone. Fig notes are often rendered through trace natural compounds and synthetics like Stemone"
Juniper,"The common juniper produces berry-like fruits whose oil has a dry and fresh piney odor, characteristic of gin. Juniper berry oil is used for aromatic notes in masculine perfumes"
Orange,"A familiar citrus fruit whose oil is obtained by cold-pressing the peels, primarily used in Eau de Cologne compositions for its fresh sweetness, largely due to the sesquiterpene aldehyde sinensal"
Fig Leaf,"A peculiar note often recreated using synthetics like Stemone, providing a fresh, leafy nuance reminiscent of fig leaves and tomato stems. The absolute has a bitter-green allied-to-coconut-sweet scent"
Hedione,"(Methyl Dihydrojasmonate) An indispensable synthetic molecule that imparts a delicate, transparent, jasmine-like floral character with subtle citrus freshness. It acts as a crucial modifier, creating volume and amplifying other components (Diffusion Enhancer)"
Ambergris,"A prized animalic base note derived from the oxidized secretions of the sperm whale. Its scent profile is dry amber, driftwood, old paper, and woody. It is usually replicated using the synthetic Ambroxide due to its rarity and high cost"
Moss,"A general term for green, earthy notes. Oakmoss (*Evernia prunastri*) is the key lichen extract in this category, known for its dry, earthy, and pine-like aroma, and is regulated due to allergen content"
Elemi,"A resinous balsamic ingredient whose oil has a fresh, balsamic odor. It is known for containing compounds like galbanolene (1,3(E),5(Z)-undecatriene) which contributes a green and metallic note. Elemi resin extract contributes spicy and balsamic notes"
Papyrus,"An aromatic woody note that contributes an extremely rough ""paper smell"" when dried. It is used in compositions alongside cedar and frankincense, sometimes lending a smoky tone"
Pink Pepper,"The dried, red, berry-like fruits of the Peruvian pepper tree (*Schinus molle*). Pink pepper oil has a sweet, fresh odor that adds diffusivity and blends well with musks, used in spicy accords"
Ginger Lily,"A complex floral note created around the Himalayan large-petalled white flower (*Hedychium coronarium*). Its scent, analyzed using the 'living-flower' technique, is described as delicate floral, green, rosy-lemony, with hints of honey and melon"
Benzoin,"A balsamic resin that provides a soft, sweet-balsamic odor, often with a vanilla note (especially Siam Benzoin). It functions as a base note fixative, helping integrate sweet vanilla notes into complex oriental bases"
Black Tea,"A floral aromatic note present in certain oriental gourmand profiles. Fermented black tea extracts are sometimes used in fragrance composition"
Suede,"A fantasy note used in the animalic/musk category, characterized by a soft, refined leather aroma. It is used in fine fragrances to add warmth and a sensual, velvety texture"
Amberwood,"A woody amber fantasy note. It is associated with musky and warm accords and provides a foundational warmth and depth"
White Amber,"A synthetic or blended amber note that is typically cleaner or lighter than traditional amber"
White Flowers,"A self-evident category of fragrant notes, including jasmine, tuberose, gardenia, and orange blossom, known for their lush, opulent, and narcotic scent, symbolizing intense femininity"
Tea,"An aromatic note that can contribute herbal or hay-like facets. Black Tea and Green Tea extracts are noted as materials sometimes included in compositions"
Orris,"The refined scent from the dried rhizome of the iris, highly prized for its delicate floral, distinctly powdery, and woody nuance due to ionones like Alpha-irone. Its high price limits its widespread use in perfumery"
Pear,"A fruit note whose characteristic aroma is largely due to the aliphatic ester ethyl 2(E),4(Z)-decadienoate. Pear notes frequently incorporate pear-like esters like ethyl propionate and allyl hexanoate"
Woody Notes,"A broad category of notes providing structure and depth to a composition. Woody profiles range widely, from tarry/phenolic (guiacwood) to creamy/milky (sandalwood) to dry/austere (cedar)"
Sea Salt,"A note providing a salty profile, primarily categorized under aquatic/marine seasonal notes, used to create ocean-breeze accords"
Seaweed,"A marine note included in aquatic compositions for a salty, ocean-earthy profile. Carrageenan is a viscosity controller derived from seaweed"
Bourbon Vanilla,"A specific type of vanilla (*Vanilla planifolia* extract) that provides rich vanilla, sweet, and warm notes. Bourbon extracts are typically used for high-quality vanilla profiles"
Crème Brûlée,"A complex gourmand fantasy note reminiscent of sweets/desserts, often represented by caramel and vanilla notes"
Turmeric,"A spice from the ginger family (*Curcuma longa*). Turmeric extract is mentioned as a component in certain oriental fragrances, and is known primarily for its yellow colorant properties"
Coffee,"A gourmand note whose extract (*Coffea arabica*) provides a recognizable dark, bitter-sweet, and rich scent. It is used as a natural component in oriental base notes"
Almond,"A nutty and sweet note traditionally associated with benzaldehyde, the almond-like odorant found in bitter almonds. The smell of coumarin in tonka bean also evokes almond-like sweetness"
Larch,"A coniferous wood used in aromatic and woody compositions. Larch turpentine, a type of natural balsam, is one of the resins derived from the *Larix* family"
Origanum,"A genus of aromatic herbs, including oregano and sweet marjoram, whose essential oils are often dominated by phenolic compounds like thymol and carvacrol, known for their spicy, leathery effects"
Tolu Balsam,"A soft balsamic resinous ingredient, offering a persistent, sweet, balsamic odour, sometimes reminiscent of hyacinth. It is used as a fixative in perfumes where a long-lasting sweetness is desired"
Cypriol Oil or Nagarmotha,"An essential oil obtained from the roots of the sedge *Cyperus scariosus*. It has a diffusive, woody-earthy, Oriental character with notes of cinnamon, cedar, and frankincense. It was used in perfumes for its semi-Oriental properties"
Black Amber,"A dark amber fantasy note, providing a warm, deep, sweet, and resinous scent, typically blended from various balsamic and resinous materials"
Palisander Rosewood,"A precious woody note, synonymous with Brazilian rosewood (*Aniba rosaeodora*). It has a balsamic, floral, and slightly rose-like odor and was historically a key source of Linalool"
Yuzu,"A Japanese citrus fruit (*Citrus junos*) with a characteristic tart, dry aroma reminiscent of green grapefruit with overtones of mandarin orange. Its peel oil is used as a refreshing ingredient in perfumes"
Lotus,"A floral note that contributes a cleany, soapy water smell in aquatic compositions. Blue Lotus is explicitly mentioned as part of the elegant, watery structure of certain fresh fragrances"
Bourbon Geranium,"A specific and highly valuable type of geranium oil, known for its powerful, green, leafy-rosy odor with a fruity-minty undertone, produced primarily in Réunion and Madagascar"
Cinnamon Leaf,"An aromatic spice whose oil, derived from the leaves of the cinnamon bush (*Cinnamomum zeylanicum*), has eugenol as its main component, providing a strong spicy note"
Tobacco Leaf,"Leaves from the tobacco plant (*Nicotiana tabacum*) used in heart and base notes. The flavor of the leaves is developed during curing by oxidative breakdown of carotenoids"
Tobacco,"A note that contributes hay-like facets and sophistication to oriental accords. Coumarin often evokes the scent of tobacco"
Mimosa,"A floral note whose absolute (*Acacia farnesiana*) has an extremely warm, powdery-spicy, herbaceous, and floral odor with a deep cinnamic-balsamic undertone. It provides complexity and integrates floral components"
Petitgrain,"Oil typically derived from the bitter orange leaf, characterized by fresh, green, and citrus notes. Petitgrain is fundamental to the Eau de Cologne composition and is sometimes used to add green nuances"
Olibanum,"A resinous balsamic ingredient, commonly known as Frankincense (*Boswellia carterii*). It has a sweet, woody-balsamic odor with a fresh, almost citrusy nuance, used in luxury perfumes"
Juniper Berries,"The ripe fruits of *Juniperus communis*, whose oil has a dry and fresh piney odor, characteristic of gin. Juniper berry oil is used to a limited extent in masculine perfumes for its aromatic qualities"
Lemon Verbena,"A perennial herb whose leaves emit an extremely fresh, sweet, and fruity lemon scent when bruised. Its essential oil is used in high-class perfumery as an outstanding citrus fragrance"
Calone,"A high-impact synthetic ketone, trade-named Calone 1951, that delivers an intense 'sea-breeze' note with slight floral and fruit overtones, foundational to the marine/aquatic fragrance family"
Pelargonium,"A genus of plants whose extracts, such as Geranium oil, contain compounds providing an intensive floral-spicy aromatic scent. Used to introduce floral balance in fragrance hearts"
Star Anise,"A spice whose oil contains a high percentage of anethole (74–94%), giving it a powerful, sweet, refreshing, and spicy liquorice note. It is largely used as a less expensive replacement for traditional anise oil"
Red Thyme,"A specific variant of Thyme (*Thymus vulgaris*). Thyme oil is characterized by phenols like thymol and carvacrol, known for spicy, leathery, and antiseptic effects"
Berry Fruits,"A classification of fruits (e.g., cranberry, bilberry) whose ripe fruits contain free benzoic acid and contribute various fruity, refreshing notes to fragrances. The aroma is complex, including aromatic compounds and isoprene derivatives"
Green Notes,"A general term referring to the sharp, piquant odors of snapped leaves and freshly-cut grasses, prototyped by highly odoriferous C6-compounds like (Z)-3-hexenol and (Z)-3-hexenyl acetate"
Cypress,"A characteristic tree of the Mediterranean region, whose oil has a woody-piney odor and an ambergris note, derived from twig cuttings. Major components include alpha-pinene and delta-3-carene"
Atlas Cedar,"A specific cedarwood oil derived from *Cedrus* species, noted for having a sweeter and less ambery woody smell than *Juniperus* cedarwoods. Used for woody structure"
Red Cedar,"A common name for certain cedarwood oils, derived from *Juniperus* species, characterized by a woody, pencil-like aroma from cedrol and cedrene"
Orange Leaf,"The leaves of the bitter orange tree yield Petitgrain oil, which provides fresh, green notes to fragrances. It is one of the aromatic components of the bitter orange plant"
Green Apple,"A fruity note whose aroma is primarily comprised of esters, alcohols, and aldehydes. Components like hexyl acetate and acetaldehyde contribute to its scent, often used in contrast with fresh woods"
Red Rose,"A specific floral variation whose aroma is defined by alcohols (citronellol, geraniol), often utilized in formulations aiming for a rich, sweet, and classic rose profile"
Turkish Rose,"A specific floral variation derived from the Damask rose (*Rosa damascena*). Its precious oil is obtained by careful steam distillation, mainly in Turkey and Bulgaria"
Bulgarian Rose,"A specific floral variation derived from the Damask rose, whose oil production occurs in countries like Bulgaria and Turkey. It is a source of highly valued rose notes"
Wild Rose,"A specific floral variation of Rose, listed as a middle note in certain fragrance formulations"
Green Mandarin,"A specific citrus variant of mandarin orange, offering an invigorating and energizing scent, part of the aromatic citrus group"
White Musk,"A type of synthetic macrocyclic musk (like HHCB or Ethylene Brassylate) known for a clean, soft, sweet, creamy, and powdery odor profile, enhancing substantivity"
Teak Wood,"A woody note used in fragrance compositions, often providing depth in base notes"
Opoponax,"A resinous balsamic ingredient from *Commiphora erythraea*, known for its warm-balsamic and sweet, honey-like fragrance. It is used in perfumes of the Oriental type"
Cinnamon,"A warm spice obtained from the inner bark of *Cinnamomum* species. Its aroma and flavor derive from its essential oil, mainly the aldehyde cinnamaldehyde. Cinnamon is used as an aromatic condiment and flavor additive"
Neroli,"Neroli is a classic and highly valued floral note, traditionally obtained by steam distillation of the flowers of the bitter orange (*Citrus aurantium*). It has a sweet, honeyed floral scent combined with distinct citrus nuances. Neroli is a foundational ingredient in the classical Eau de Cologne formula, often blended with bergamot, lemon, lavender, and rosemary oils. It is used extensively in fine perfumery, providing a refreshing, clean, and radiant floral component to compositions"
Caramel,"A sweet and gourmand fantasy note, reminiscent of sugar cooked until caramelized. This note is foundational to the classification of Gourmand fragrances, a sub-division of the Oriental family. It is explicitly listed as a note in various complex Oriental/Gourmand blends and helps to balance spicier components with a recognizable sweetness"
White Musk,"A type of synthetic macrocyclic musk, such as Hexamethylindanopyran (HHCB, commonly known as Galaxolide). It provides a clean, sweet musky odor, often accompanied by floral and woody facets. It is highly valued as a strong fixative that enhances substantivity, ensuring the long-term, lingering, and clean presence of a fragrance on skin and fabric"
Grapefruit,"A vibrant citrus note, providing a sharp and tart aroma. Highly potent trace compounds, such as 1-para-menthene-8-thiol (grapefruit mercaptan), contribute to this distinctive scent, sometimes even in the parts per billion range. It is used in fresh citrus accords, including in the compositions of Eau de Cologne mixes"
Cinnamon Wood,"Refers to the woody facets supporting the sweet, spicy odor of cinnamon. The characteristic scent is primarily driven by cinnamaldehyde. Cinnamon is classified as a ""hot/short"" spice and is prominently used in Oriental and warm spicy blends for its distinct aroma and flavor"
Osmanthus,"A floral note that contributes to the sweet, delicate scent of several floral accords, sometimes incorporating aspects of freesia. The scent can be encapsulated, giving a delicate floral fragrance"
Tobacco Leaves,"Used as a natural ingredient in the heart and base notes of fragrances. The note contributes hay-like facets and sophistication to oriental accords. The chemical compound coumarin, found in tonka bean, famously evokes the sweet scent of tobacco and hay"
Gardenia,"A white flower known for its lush, opulent, and narcotic scent. It is a highly sought-after component in white floral compositions, often used in extracts for its skin conditioning properties in cosmetic formulations"
Water Lily,"A light floral note, the oil constituents of which can be found in white floral accords. It is sometimes recreated in combination with aldehydes to achieve light floral and watery effects"
Laotian Oud,"A specific variety of Agarwood (Oud) from Laos. Oud is a complex, fragrant, dark, and resinous wood, highly valued in perfumery, especially in high-end Oriental compositions for its deep, woody, and long-lasting profile"
Atlas Cedar,"A specific cedarwood derived from *Cedrus* species, known for having a sweeter and less ambery woody smell compared to cedarwoods from the *Juniperus* family. It provides structural woody notes to fragrances"
Clary Sage,"An aromatic herb (*Salvia sclarea*) whose essential oil is characterized by sweet, herbaceous, amber, and tobacco notes. It is a natural source of sclareol, a diterpene used as the starting compound for the synthesis of Ambroxide, the industry standard for the ambergris note. It is commonly used in Fougère and aromatic blends"
Myrrh,"An aromatic gum-resin from the *Commiphora* trees, historically used in incense and embalming due to its antibacterial properties. Myrrh oil, obtained by steam distillation, has a refined, sweet-woody, and balsamic odor, used for Oriental nuances in luxury perfumes"
Thyme,"A highly fragrant herb whose flavor and scent are attributed primarily to phenolic compounds like thymol and carvacrol (up to 70% of the essential oil). Thyme essential oil is sometimes used in masculine perfumes for its spicy, leathery effect, and is noted for its presence in aromatic Fougere structures"
Clover,"White and red clover flowers emit a mild, sweet scent. The compound isoamyl salicylate is valued for its intense, greenish, clover-like, balsamic odor, contributing to Fougère or clover accords"
Rhubarb,"A distinctively tangy, fruity, green, and earthy fantasy note. The synthetic material Rhubofix is utilized by perfumers for its ability to provide a woody note along with rhubarb and grapefruit facets"
Bitter Orange,"A citrus fruit (*Citrus Aurantium*) whose flowers are distilled to yield Neroli oil. The peel oil, obtained by expression, contains furanocoumarins, naturally occurring compounds that are highly phototoxic, necessitating FCF (Furanocoumarin-Free) versions for cosmetic safety. It is a traditional ingredient in Eau de Cologne"
Violet Leaf,"A green note that provides a fresh, leafy nuance reminiscent of fig leaves, tomato stems, and blackcurrant buds. It is often replicated by the high-impact synthetic Methyl 2-Octynoate (Folione) used in very low (trace) concentrations to achieve sharp green effects"
Narcissus,"A flower prized in perfumery for its elegant and rich floral odor with a smooth animal undertone. While many well-known essential oil components like benzyl acetate and phenethyl alcohol are present, no single compound is identified as having the true characteristic odor of the flower alone"
Galbanum,"The air-dried gum-resin from *Ferula galbaniflua*, highly valued for its piercingly bitter green character. Its essential oil contains 1,3(E),5(Z)-undecatriene (galbanolene), characterized by a unique, transparent, marine, and metallic odor, frequently used in Chypre and Fougère top notes"
Pine Tree Needles,"These provide a fresh coniferous odor to compositions. Fir needle oils, from the same botanical family, contain compounds like (-)-bornyl acetate and monoterpene hydrocarbons (alpha- and beta-pinene), and are essential in aromatic or coniferous fragrance accords"
Wild Hyacinth,"A floral note chemically related to the light, delicate Lily-of-the-Valley (Muguet) scent. It provides a green, sweet, and narcotic floral note to bouquets. Its essential oil contains cinnamic alcohol, which has a balsamic odor"
Honey,"A sweet gourmand aroma often attributed to the aromatic compound phenylacetic acid and its esters, which are present in beeswax. Beeswax absolute, obtained by ethanol extraction, is used to provide honeyed flower nuances in luxury perfumes and is sometimes identified as a dominant sweet element in oriental bases"
Cotton Flower,"A floral note used in fragrance compositions, sometimes contributing a light, soft floral effect to aquatic or musky compositions"
Cactus,"A component listed in fragrance notes, providing a unique element, as found in the top notes of Lattafa's Qaed Al Fursan Untamed"
Davana,"A base note derived from *Artemisia pallens*. Its essential oil adds a slightly fruity and liqueur-like touch to a perfume, helping to round out the composition. Davana is listed as a note in some woody amber fragrances"
Wormwood,"An herb from the *Artemisia* genus. The herb is known for having pungent smelling essential oils. The oil contributes sharp, aromatic notes and is sometimes referred to as having a complex aromatic odor with a hint of ambergris"
Praline,"A complex gourmand note reminiscent of caramelized nuts and sweets. It is typically achieved through blending ingredients like vanilla and nutty facets, offering a sweet and delectable quality to fragrance bases"
Saffron,"A potent spice highly valued for its warm, slightly bitter, and intense aroma. Artificially, it can be replicated by the aromatic ketone Safraleine (Givaudan), which contributes a tarry or sharp-leathery character. Saffron is a key component in spicy oriental accords"
Sea Notes,"A complex fantasy note engineered to capture the olfactory essence of the ocean, sea spray, or aquatic environments. These notes typically rely on synthetic molecules like Calone to deliver fresh, ozonic, and often subtly fruity (melon/watermelon-like) nuances. The sensation ranges from clean, crisp marine freshness to a natural, mineral-driven salty quality, defining the aquatic fragrance family."
Water Notes,"A general descriptor referring to molecules that suggest a watery, liquid, or clean sensation in a composition. These notes are employed for lightness and transparency, creating an airy effect, and are common in fresh, modern fragrance profiles."
Marigold,"A floral note that contributes to the middle layer of a fragrance. Derived from the *Tagetes* flower, this note can introduce aromatic, herbaceous, or spicy facets, and is frequently featured in classic floral or chypre compositions like Halston Classic."
Dried Fruits,"A sweet, rich, and often deep gourmand note used to evoke the dense flavor of preserved fruits. It contributes complex sweetness, sometimes with a boozy facet, primarily supporting vanilla, tobacco, and warm spicy accords in powerful oriental base formulations."
Cocoa,"A gourmand note offering a rich, bitter-sweet, and often powdery aroma, derived from the cacao bean. It lends a dark, chocolatey nuance to oriental or sweet compositions and is traditionally used to complement the earthy aspects of natural patchouli."
Rum,"A distinct alcoholic or boozy note utilized primarily in base compositions. It imparts a warm, sweet, and liqueur-like complexity, contributing to the sensual and dense character of fragrances, especially those in the oriental or gourmand categories."
Birch Leaf,"An aromatic green note typically featured in the top of a fragrance. Derived from the birch tree leaf, it provides sharp, clean, and sometimes subtly spicy or slightly minty green facets to fresh and aromatic fougère structures."
Australian Sandalwood,"A specific variety of sandalwood prized for its creamy, rich, woody, and milky aroma. It serves as an authoritative and effective fixative in the base notes, providing strong longevity and a comforting, grounding presence to the overall blend."
Carambola (Star Fruit),"A bright, tropical fruit note characterized by a tart, slightly sweet, and vibrant aroma. It is typically employed in the opening of fragrances to create an immediate sense of juicy freshness and exoticism."
Cumin,"A warm spice known for its intense, pungent, and subtly bitter odor. Its primary aroma compounds are phenols like thymol and carvacrol. In perfumery, it is used sparingly in spicy/aromatic blends, where it can lend a distinctive, earthy, or lightly animalic nuance."
Black Vanilla Husk,"A specialized vanilla note emphasizing the dark, raw, and sometimes slightly bitter characteristics of the dried vanilla pod's exterior. It delivers a rich, dark, and powdered sweetness, distinct from plain vanillin, ideal for dense, cold-weather oriental compositions."
Apple Blossom,"A delicate floral note from the apple tree. It provides fresh, light, and airy floral qualities to the heart of a fragrance, contributing to subtle floral and fruity-floral bouquets."
White Wood,"A broad, modern classification referring to soft, clean, and often airy woody notes, deliberately avoiding the heavy, dark, or smoky characteristics of traditional woods like oud or vetiver. It typically provides a smooth, contemporary structural base."
Hazelnut,"A nutty and creamy gourmand note used primarily in oriental and spicy compositions. It adds a rich, toasted, and sometimes buttery texture, enhancing the edible quality of gourmand fragrance profiles."
Bay Leaf,"An aromatic leaf extract providing a warm, sweet, and phenolic-spicy odor. The oil is rich in eugenol and is historically used in traditional preparations like Bay Rum, lending a distinctly masculine and aromatic-spicy character to fragrances."
Sandalwood,"A luxurious and highly complex base note oil, prized as a natural fixative for its strong ability to anchor a composition and ensure long-lasting presence. Its signature aroma is rich, grounded, creamy, milky, oriental, warm, and suave, primarily attributed to the presence of Alpha- and Beta-Santalol. It is a fundamental element in Oriental and classic masculine fragrances."
Australian Sandalwood,"Sandalwood sourced specifically from Australia. This geographical designation helps differentiate it within global fragrance sourcing markets, contributing its rich, woody profile to luxury bases."
Mysore Sandalwood,"A prized and valuable variety of Indian sandalwood (*Santalum album*), traditionally sourced from the Mysore region of India. It is highly valued in perfumery for its deep, complex, soft, and sweet aroma."
New Caledonia Sandalwood,"Sandalwood sourced from New Caledonia. Its geographical origin distinguishes it as a raw material source in comprehensive fragrance and flavor supply lists."
Watery Notes,"A general category used to convey a feeling of clean, fresh liquid or aqueous transparency in a fragrance, frequently employed in aquatic or ozonic compositions, particularly in the opening and heart stages."
Dry Wood,"Wood notes characterized by an austere absence of sweetness or balsamic moisture. Lack the creamy, milky quality of sandalwood or the balsamic warmth of resins for example. These notes provide a sharp, clean, structural wood foundation, often evoking the smell of raw, untreated timber."
Sugar,"A sweetening note used primarily in gourmand and oriental compositions to provide a basic sweetness. In perfumery, sugar (sucrose) is noted as a humectant in technical directories. It contributes basic sweetness in gourmand and oriental accords and is metabolized into beeswax in bees. It often complements rich vanilla notes, contributing to creamy or smokey accords."
Herbal Notes,"A broad classification for aromatic extracts from traditional culinary and medicinal herbs, lending sharp, green, and invigorating facets to a composition, particularly important in Fougère and aromatic structures."
Cashmere Wood,"A woody note used to contribute warmth, sophistication, and a soft, velvety texture to fragrance bases, often derived from synthetic ketones (Cashmeran) blended with wood materials."
Metallic notes,"An evocative, highly synthetic olfactory quality that suggests a sharp, cold, and steely sensation, sometimes used deliberately in modern accords to add a unique, crisp dissonance or futuristic feel."
Palo Santo,"The common name for Guaiac wood (*Bulnesia sarmientoi*), valued for its soft, precious-woody odor and fixative properties, often providing a warm, balsamic, and slightly smoky dimension to base notes."
Dates,"A sweet, rich, and deep fruity note originating from dried fruit. It is utilized in gourmand and oriental compositions to provide a dense sweetness, sometimes imparting a boozy or caramel-like facet."
Amalfi Lemon,"A specific regional variety of lemon, prized for its classic citrus profile. Lemon oils are dominated by (+)-limonene and the aldehyde citral (geranial + neral). Lemon peel oil is known to be susceptible to phototoxicity, which is why commercial use often requires FCF (Furanocoumarin-Free) versions."
African Orange Flower,"The flower oil of the bitter orange, obtained by solvent extraction to yield orange flower absolute, or by steam distillation to yield Neroli oil. It is characterized as a sweet, honeyed floral citrus note and is a classical ingredient in Eau de Cologne formulas, highly valued in white floral compositions."
Currant Leaf and Bud,"Refers to the extract from blackcurrant buds. The distinctive green and sulfuric nuances are sometimes replicated using the synthetic molecule Stemone in perfumery, which is employed to smooth green notes."
Ebony Tree,"A dark wood note used in deep, mysterious fragrance compositions. True ebony wood is dense, heavy, and almost black, traditionally used for fine musical instrument parts. Diospyros ebenum is sometimes included in fragrance base notes for depth. The related Velvet Apple (*D. blancoi*) has edible fruits but a cheesy exterior odor"
Fig Tree,"Refers to the complex scent profile encompassing the fruit, leaves, and wood of the fig tree (*Ficus carica*). The extract contains notes described as sweet-green, herbaceous, and woody with a mossy undertone."
Guaiac Wood,"A woody note that can be intensely tarry and phenolic smelling in its raw form. The synthetic derivative, Guaiyl Acetate, is often used to achieve a warmer, cozier, and somewhat smoky wood scent, used to provide depth in base notes."
Indonesian Patchouli Leaf,"Patchouli oil (*Pogostemon cablin*) sourced from Indonesia. It is a powerful base note with a sweet-spicy, earthy, and camphoraceous woody aroma. Its strong fixative quality is due to its high content (52–60%) of Patchoulol."
Larch,"A coniferous wood note used in aromatic and woody compositions. Larch resin yields a type of natural balsam, and the material is used in woody structures alongside pine and cedar."
Oak,"A wood note listed in fragrance compositions (e.g., Lagerfeld Classic Grey). Oakwood oil and its derivatives (such as Oakmoss) contribute woody and slightly phenolic or aged nuances to the blend."
Pimento,"Also known as Allspice. Its essential oil is obtained by steam distillation of the berries and is characterized by a warm, sweet, phenolic-spicy odor. Main constituents include Eugenol (up to 75%) and 1,8-cineole. It is used for its spicy and aromatic qualities."
Pine,"A general term for coniferous notes, typically derived from species like maritime pine (*Pinus pinaster*). Pine oil often contains alpha- and beta-pinene, providing resinous, raw, earthy, and musky aromas, which contribute essential lift and freshness to herbaceous and coniferous accords."
Santal Blanc,"A specific name used in fragrance sourcing data, alongside Mysore Sandalwood, referring to high-quality sandalwood oil sourced from regions like India and Nepal. Sandalwood is a critical base note known for its creamy, milky, oriental, and highly persistent fixative properties."
Spicy Notes,"A general classification encompassing a broad spectrum of warming aromas such as cinnamon, pepper, and cardamom. Spices are crucial building blocks for Oriental and Fougère fragrances, balancing freshness with warmth and depth."
Treemoss,"An extract from lichen (*Evernia furfuracea*) that provides a mossy, earthy, and lichen aroma. It is often paired with Oakmoss in Chypre and Fougère structures, but like oakmoss, it is regulated due to its allergen content and requires labeling."
Cashmirwood,"A warm, enveloping woody note frequently used in the base of oriental and aromatic compositions, imparting a soft, velvety texture often reminiscent of vanilla and powdery musk. It is listed as a base note in Zippo Original and Tesori d'Oriente Sandalo del Kashmir & Vetiver."
Coconut Milk,"Described as a creamy note that gives a tropical vibe to a fragrance, specifically mentioned in the key characteristics of Afnan Rare Carbon."
Styrax,"A balsamic resin obtained from Liquidambar or Styrax trees, historically used as an incense material. It has a characteristic balsamic smell, mainly due to cinnamyl cinnamate and hydrocinnamyl cinnamate. Sources include Levant (Turkey) and sweet gum (Honduras)."
Mandarin Leaf,"This specific term is not defined in the sources. The closest known material is Petitgrain (Orange Leaf) which is used in Eau de Cologne formulas for its fresh, green, and citrus notes."
Woodsy Notes,"A broad category of notes used for structure and depth in a composition. They can be combined with amber and balsamic notes, often contributing a dry, smoky, or boozy feel, as seen in Issey Miyake Nuit d’Issey and Bentley for Men."
Spices,"A broad, familiar category of fragrance notes used to add warmth, intensity, or freshness, crucial in Oriental and Fougère structures. They are classified as ""hot/short"" (like cinnamon) or ""cold/long"" (like cardamom and coriander). They pair with leather and wood, as seen in Issey Miyake Nuit d’Issey middle notes."
Birch,"A note found in the middle of a fragrance, such as Diesel Plus Plus Masculine. Birch tar is a resinous balsamic ingredient associated with a creosote or tar-like odor in classic leather accords."
Apple,"A fruity note, fundamental to some fresh woody compositions (Hugo Boss Bottled). Its key aroma compounds include acetaldehyde and various esters like hexyl acetate."
Jasmine Tea,"A floral note, available as a Perfumery Natural extract using SFE (Supercritical Fluid Extraction). Arabian jasmine (*J. sambac*) is also known as Tea jasmine. It is listed in the heart notes of 4711 Jasmine Eau de Cologne."
Powdery Notes,"A general olfactory descriptor describing soft, dry textures often evoked by aromatic ketones (like ionones found in iris and violet), macrocyclic musks, and materials like Heliotrope. It is an accord used frequently in Fougère and Oriental family fragrances."
Tuscan Iris,"While this specific regional note is not defined, the highly prized Iris Pallida Florentina is noted as originating in Italy, contributing a floral, powdery, and woody nuance to fragrances."
Fruits,"A broad category for notes that often appear in the top phase. Specific examples include apricot, plum, and peach. Tropical fruits like mango, papaya, and passion fruit contribute fruity-citrus top notes."
Resins,"A broad category of raw materials essential to the Oriental fragrance family, valued for their balsamic qualities, depth, and ability to fix more volatile notes. Examples include Labdanum, Benzoin, and Olibanum."
Tobacco Flower,"The flower note that provides fragrant, often sweet nuances associated with the tobacco plant. This profile is often imparted by Coumarin (Tonka bean) and is listed as a base note in Issey Miyake L'Eau d'Issey Pour Homme."
Virginia Cedar,"A specific type of cedarwood, an essential oil sourced mainly from the USA, contributing woody notes. It is derived from Juniperus virginiana and is also known as pencil cedar. It is listed as a base note in Antonio Puig Quorum Silver."
Pine Tree,"A woody note typically found in the base of Fougère fragrances, such as in Cerruti 1881 Men. Pine oil is generally classified as a coniferous essential oil."
Oregano,"An aromatic herb whose flavor and aroma are often characterized as thyme-oregano-like, dominated by phenolic compounds like thymol and carvacrol. It is listed as a top note in Ard Al Zaafaran Midnight Oud and Khadlaj Valor Enigma."
Ambroxan,"A synthetic compound (Ambroxide) known for its dry amber, driftwood, and woody aroma, acting as an exceptional fixative with longevity over 400 hours. It is a base note in multiple modern compositions, including Armaf Odyssey Tyrant and French Avenue Liquid Brun."
Pomelo,"A citrus fruit note, listed as a synonym for Grapefruit, with sources including Argentina and the United States. It is sometimes perceived as a sweet/balsamic nuance in certain drydown phases."
French labdanum,"The gum-resin from the rockrose (*Cistus ladaniferus*), often referred to as ""Vegetable Ambergris."" It offers a warm, amber, suave, musky, smoky, and balsamic scent, acting as an indispensable fixative for Oriental and Chypre compositions."
Italian Mandarin,"Mandarin sourced from Italy is referred to as Clementine. The oil provides a sweet, inviting, and highly aromatic top note, often used in classical Eau de Cologne formulations."
Egyptian Cumin,"Cumin is a spice widely used in cooking and sometimes perfumery for its warm, pungent aroma, primarily derived from cuminaldehyde. The herb itself is native to the Irano-Turanian Region."
Moroccan Artemisia,"Artemisia sourced from Morocco is listed as a natural extract. The essential oil derived from this herb contributes sharp, intensely herbaceous, and aromatic qualities to a scent profile."
Italian Lemon,"A specific geographical designation for Lemon. Lemon peel oil is a fresh, bright citrus top note. Along with Bergamot, it forms a core component of the classical Eau de Cologne formulation."
Nutmeg,"A warm, spicy, and sweet note whose aromatic oil is primarily influenced by phenol ethers and terpenes. It is extracted from the shelled kernel of the nutmeg fruit, which is sourced from Indonesia."
African Geranium,"A floral and herbaceous note typically sourced from Africa (Egypt or Madagascar). The Bourbon type (from Réunion/Madagascar) is highly valued for its powerful, green, leafy-rosy odor with a fruity-minty undertone."
Siam Benzoin,"A balsamic resin sourced from Southeast Asia, particularly Laos. It possesses a pleasant, sweet-balsamic odor with a distinct vanilla note and is used extensively for its sweet fixative properties in fragrances."
Haitian Vetiver,"Vetiver oil sourced from Haiti, often preferred by perfumers for its fragrant quality. It is a strong, tenacious base note oil that provides grounding, earthy, smoky, and woody essence to the fragrance."
Elemi resin,"A resinous balsamic ingredient, typically sourced from the Philippines. It imparts a spicy, peppery, and citrus-like aroma with balsamic qualities. Listed in the top notes of Cerruti 1881 Men and Bentley Infinite Intense."
Pine needles,"An aromatic note derived from conifers, providing a fresh, coniferous, piney odor to the heart of the fragrance. Listed specifically in Sung Homme and Fragrance World Green Sapphire."
Oriental Woodsy notes,"A complex base note accord suggesting deep, warm, and spicy wood structure, often combining rich woods with traditional Oriental fixatives like amber and benzoin. It is used as a base note in Denim Musk."
Ivy,"An aromatic plant listed as a green note in fragrance compositions. Its leaf extract has been studied in contexts related to sugar and the enchanted forest."
Gray Musk,"This specific term is not defined in the sources. The closest general concept is Musk, a foundational fixative known for soft, clean, sweet, and powdery aromas."
Carnation leaves,"A component in the middle notes of a fragrance, contributing to the spicy and floral body, as listed in Homme de Café. The Carnation flower odor is closely linked to the phenolic compound Eugenol."
Raspberry,"A sweet fruity note, listed in the middle phase of Homme de Café and Green Sapphire. Historically, compounds from animal products like castoreum were used to simulate raspberry flavor."
Magnolia,"A floral note, whose large-flowered species (*M. grandiflora*) blooms in summer. The fragrance of its live flowers is often dominated by a combination of camphoraceous terpenes and jasmone."
Orchid,"A floral note used in fine perfumery. The scents of orchids are highly complex; one species (*Coryanthes kaiseriana*) emits a dusty, leathery, yet sweetish odor due to N-methyl anthranilaldehyde."
Papaya,"A tropical fruit contributing fruity-citrus notes to the head/top phase of a fragrance, as listed in the compositional brief for the fragrance 'Djinni'."
Green Tea,"A natural extract available as an SFE (Supercritical Fluid Extraction) product. It is listed in the heart of Tesori d'Oriente Sandalo del Kashmir & Vetiver."
Red Berries,"A fruity note listed in the middle notes of Calvin Klein Obsession for Men. Ripe berries often contain benzoic acid."
Balsam Fir,"The resinous oil derived from *Abies balsamea*. It is used for fresh coniferous odors and its oleoresin holds the diterpene abienol, a potential resource for synthesizing the ambergris odorant Ambroxide. Listed in L'Eau d'Issey Pour Homme Eau de Parfum middle notes."
Citron,"A citrus note listed in the top notes of Daniel Hechter Cuir Sensuel and Lalique Pour Homme Equus. It is a citrus fruit species closely related to lemon."
Mandarin orange leaf,"This exact term is not found, but it refers to the same aromatic material as Petitgrain, derived from the bitter orange plant. It provides a fresh, green, citrus note often used in Eaux de Cologne."
Coconut Nectar,"This specific term is not defined in the sources. The closest related term found is Coconut Water, described as a salty note used in Lattafa Asad Zanzibar."
Coca,"The extract of the *Erythroxylum coca* plant, used in fragrances after being decocainized."
Red Poppy,"A note mentioned as part of the unique scent profile of a specific gourmand oriental fragrance."
Myrtle,"An aromatic shrub (*Myrtus*) whose oil is sourced from Morocco and Tunisia. It is listed as a heart note in Denim Musk aftershave."
Palm Leaf,"A green note, listed in the top notes of Diesel Plus Plus Masculine."
Vodka,"An alcoholic beverage note, described as intense and listed in the top notes of Emanuel Ungaro pour L'Homme III."
Mahogany,"A classic woody note, part of the Mahogany family. Listed in the top/middle notes of Emanuel Ungaro pour L'Homme III and Hugo Boss Bottled, contributing to the woody structure."
Nectarine,"A fruity note categorized in the Fruits, Vegetables and Nuts list."
Marine notes,"An olfactory note that suggests the sea, frequently relying on synthetic molecules like Calone to deliver fresh, ozonic, and salty sensations. It is listed as a main accord in Issey Miyake's Le Sel d'Issey."
Cypriol,"An ingredient whose oil (Nagarmotha) has a diffusive, woody-earthy, Oriental character with notes of cinnamon, cedar, and frankincense. It is listed in the ingredients list of Maison Alhambra Hercules."
Violet Leaves,"A green note, providing watery and leafy freshness, used in the top of a fragrance. The synthetic molecule Methyl 2-Octynoate (Folione) is commonly used to recreate the distinct green, violet-leaf effect."
Sicilian bergamot,"A specific high-quality essential oil derived from the peel of the non-edible fruit, traditionally grown in Southern Calabria, Italy. It is a quintessential citrus top note for Cologne and Chypre formulations."
Fruits,"This general term refers to a broad category of fragrance components, often perceived as sweet, juicy, or tart notes, commonly utilized in the top phase of a perfume structure."
Indian Oud,"Agarwood/Oud sourced from India. It is a highly valued, fragrant, dark resinous wood used in high-end oriental compositions. Listed as a base note in Fragrance World Mocha Wood."
Whiskey,"A liquor/boozy note listed in the middle notes of Fragrance World Star Men Nebula, contributing warmth and liqueur-like complexity."
Malt,"A note listed as a middle note in Fragrance World Star Men Nebula. It is generally associated with grains and the brewing process."
White Woods,"A designation for clean, light woody notes, typically synthetic, that provide a smooth, contemporary structural base without the heavy, dark qualities of traditional woods. Listed in Armaf Club de Nuit Precieux middle notes."
Lavender Extract,"An aromatic note derived from the lavender flower, lending a clean, fresh, herbaceous, and sweet floral scent. Listed as a middle note in Givenchy pour Homme."
Angelica,"An intensely herbaceous and distinctive aromatic ingredient. Angelica root/seed contains macrocyclic musks (like Exaltolide) used as fixatives and is regulated by IFRA. Listed in Drakkar Noir heart notes."
Olive Tree,"A woody note listed in Hugo Boss Boss Bottled base notes. The leaf extract is also used as a skin conditioning agent in cosmetic formulations."
Chestnut,"A nutty note listed in the middle phase of Hugo Boss Boss Bottled Eau de Parfum."
Olive Wood Accords,"An accord representing the scent of Olive Wood, listed in the base notes of Hugo Boss Boss Bottled Eau de Parfum."
Frankincense,"The resinous balsamic extract (Olibanum) derived from the Boswellia trees. It has a sweet, woody-balsamic odor and is used for its warm, meditative smoky touch in compositions like Boss Bottled Elixir."
Patchouli Leaf,"The specific leaf of the *Pogostemon cablin* plant, which is the source of Patchouli oil. Listed explicitly as a base note in Boss Bottled Triumph Elixir."
Orangewood,"A woody note listed in the middle phase of Issey Miyake L'Eau Bleue d'Issey Pour Homme."
May Rose,"A floral note derived from the rose (*Rosa centifolia*), whose absolute is sourced in regions like Grasse, France. Listed in the middle notes of Issey Miyake L'Eau Bleue d'Issey Pour Homme."
Nasturtium,"A floral/herbaceous note listed in the middle phase of Issey Miyake L'Eau Bleue d'Issey Pour Homme. The leaf extract is used as a skin conditioning agent."
Ambrette (Musk Mallow),"A musky note whose seeds contain macrocyclic musks like ambrettolide, known for a soft, musky, slightly ambery odor. It is listed in the base notes of Issey Miyake L'Eau Bleue d'Issey Pour Homme."
Blue Lotus,"A floral note found in the middle phase of a fragrance, contributing to a watery elegance. Listed in L'Eau d'Issey Pour Homme Intense middle notes."
Ceylon Cinnamon,"The inner bark of *Cinnamomum verum*, considered ""true cinnamon."" It is valued for its aromatic essential oil (rich in cinnamaldehyde) and is listed as a middle note in Issey Miyake L'Eau d'Issey Pour Homme."
Tahitian Vetiver,"Vetiver oil from Tahiti or related Indonesian/Haitian regions. It is a strong, tenacious base oil listed in L'Eau d'Issey Pour Homme base notes."
Sweet Orange,"A citrus note whose essential oil is obtained by expression of the peel. Sourced from Brazil and the USA, it provides a fresh, sweet component to the opening of a fragrance."
Yellow Mandarin,"A variant of Mandarin Orange that contributes a sweet, juicy citrus scent. Mandarin oil is widely used in Eau de Cologne compositions."
Castoreum,"An animalic secretion extracted from the beaver castor sacs. It has a tar-like odor that softens upon dilution to musky and fruity notes, traditionally used for leathery nuances and fixative properties."
Granny Smith apple,"A specific variety of apple that imparts a fresh, fruity, and green character. It is listed as a middle note in Tommy by Tommy Hilfiger."
Fern,"A fantasy note representing the Fougère accord (Lavender-Oakmoss-Coumarin), which aims to recreate the mysterious scent of a green, damp forest. It is listed as a base note in Jaguar For Men."
Bourbon Vetiver,"A specific designation for high-quality Vetiver oil derived from Reunion and Madagascar. It provides a rich, rooted, woody, and long-lasting aroma, suitable for grounding a composition."
Sequoia,"A woody note listed in the base notes of Lalique Pour Homme Equus. It is noted as a strong, new woody note from California in some descriptive content."
Mace,"A spice derived from the outer coating of the nutmeg seed. Listed as a middle note in Lalique Pour Homme Equus."
Amyris,"Amyris oil, also called 'West Indian sandalwood oil,' is derived from wood. It has a woody scent with a balsamic touch. Sourced from Haiti and listed as a base note in Lalique Pour Homme Equus."
Coconut Water,"An aqueous note listed in the heart of a fragrance, contributing to a clean and fresh profile. In Lattafa Asad Zanzibar, it is explicitly combined with salt and iris."
Salt,"A functional note providing a salty profile, key to marine and aquatic accords. It is listed in the middle notes of Lattafa Asad Zanzibar."
Black Pepper,"A spice whose oil is characterized by its sharp, dry, and piquant odor, dominated by cyclic terpenes. It is used for fixative effects and spicy qualities. Listed in Fragrance World Moonlit Night and Lattafa Asad Zanzibar."
Creme Brulee,"This specific gourmand note is recognized as a complex sweet dessert smell, listed in the general category of ""Sweets and Gourmand Smells"" in perfumery."
Candied Fruits,"A sweet gourmand note listed as a middle note in Lattafa Khamrah Qahwa. Candied fruit peel is listed as a component of the flavor of Balsam of Peru."
Apple Shisha Accord,"A proprietary fantasy note suggesting apple combined with the smoky/tobacco nuances of a hookah/shisha lounge, imparting a dense, jammy dark cherry/apple note with cinnamon and tobacco sweetness."
Oud Smoke,"A smoky note listed in the base of Lattafa Mashrabya. The smoke from Agarwood (Oud) is prized for its sweet-balsamic, vanilla, and musk shades."
Mango,"A tropical fruit note, listed as a volatile top note. Its major volatile components include terpenes and specific esters."
Licorice,"A sweet, distinctive aroma often related to anise and the compound anethole. Licorice is categorized under the Spices list."
Cassis,"This note refers to Black Currant (buds), characterized by a distinctive fresh, fruity, sulphuric, and green aroma, valued in certain Chypre bases and Colognes."
Cognac,"A liquor/boozy note listed as a top note in Maison Alhambra Kismet Magic. Boozy notes contribute warmth and liqueur-like complexity to fragrance profiles."
Coumarin,"A classic aromatic compound naturally found in Tonka beans and sweet clover. it provides a warm, sweet profile resembling hay and tobacco, and is a foundational fixative and key component of the Fougère fragrance architecture."
Peppermint,"An aromatic herb whose oil provides a characteristic fresh, sharp menthol, cooling, and invigorating scent. Used as an impactful top note in fresh compositions."
Indonesian Nutmeg,"Nutmeg oil sourced from Indonesia. It provides a warm, spicy, and sweet scent from its aromatic oil."
Magnolia,"A floral note, part of a family that includes Champaca. The fragrance of its live flowers is often dominated by a combination of camphoraceous terpenes combined with jasmone."
Flax,"A plant whose seeds (*Linum usitatissimum*) yield an oil. Listed as a seed component in the base notes of an unspecified fragrance."
Sylkolide,"A synthetic macrocyclic musk compound, categorized alongside musk and ambergris notes, used as a fixative."
Kumquat,"A citrus fruit note, listed in the top notes of Moschino Uomo?. It contributes a sweet and creamy nuance."
Lime,"A citrus note whose essential oil provides a sharp, tart, and fresh aroma. Used as a refreshing top note, and its oil is rich in citral."
Tobacco Blossom,"The flower note of the tobacco plant. Listed as a middle note in Paris Corner Charuto Tobacco Vanille. Tonka bean absolute contributes powdery tobacco-flower nuances."
Ebony Wood,"A dark, dense wood (*Diospyros ebenum*) used for deep, structural base notes. Listed as a base note in Issey Miyake Nuit d'Issey and Pierre Cardin pour Homme."
Driftwood,"A descriptive term for the dry, marine-woody scent profile of Ambroxan (Ambroxide), the synthetic ambergris substitute."
Tomato Leaf,"A unique green/leaf note that imparts a sharp, fresh nuance. It is listed as part of the olfactive profile of the green fragrance molecule Trifernal."
Wild Jasmine,"A specific floral variation of Jasmine, a white flower note. Listed in the middle notes of Replay #Tank Custom For Him."
Hyacinth,"A floral note used in the heart of floral compositions, such as Gres Cabotine. It contributes green, sweet, and narcotic floral notes."
Blood Orange,"A specific citrus fruit note, whose oil is included in the blend of various citrus oils used in Eau de Cologne. It is listed in the top notes of Rochas L'Homme."
Aquatic notes,"A general descriptor for synthetic compounds like Calone (Watermelon Ketone) that provide fresh, ozonic, and subtly fruity or marine sensations, foundational to the aquatic fragrance family. The synthetic molecule Cascalone offers marine, floral, and fruity watery qualities. Specific aquatic elements such as Marine notes are used in fragrance openings, and are associated with a fresh, clean shower gel vibe. The note provides a fresh, clean, and airy profile, often used to lighten and freshen up a composition."
Cappuccino,"A gourmand beverage note categorized under Sweets and Gourmand Smells, typically evoking a creamy, milky coffee scent. It is the signature accord used in Oriental Vanilla fragrances like Rochas Man Intense."
Calabrian Bergamot,"A highly prized essential oil, traditionally grown in the southern region of Calabria, Italy, and used as a quintessential citrus top note. It is valued for its sweet freshness and floral nuance and is foundational to classical Eau de Cologne and Chypre formulations. The crude oil contains photosensitizing furanocoumarins, necessitating the use of FCF (Furanocoumarin-Free) versions for safety."
Pineapple Leaf,"While this exact specific leaf note is not defined, general green notes are utilized in perfumery, such as Stemone (which recalls fig leaves and blackcurrant buds). The pineapple aroma itself is fruity, juicy, and tropical, sometimes synthesized with molecules like Ethyl 2-methylpentanoate or contained within compounds like Galbex."
Sicilian Lemon,"A regional specification for Lemon, a highly volatile citrus component essential to the composition of Eau de Cologne. Lemon oil provides a bright, sharp citrus top note."
Smoke,"A conceptual note that conveys the sensation of burning wood or incense. It contributes to dark, mysterious, and warm fragrance profiles, often achieved through base notes like Incense, Oud Smoke, or Cedar. Specific woody notes like Guaiac Wood can be smoky, and smoke effects are noted in fragrances containing cedar, oakmoss, and birch."
Pimento Seeds,"Pimento is also known as Allspice, a spice whose dried berries are used in cooking. Allspice oil is obtained by steam distillation and is rich in eugenol (up to 75%), 1,8-cineole, and sesquiterpene caryophyllene, giving it a warm, sweet phenolic-spicy odor resembling clove, pepper, and cinnamon."
Chamomile,"An aromatic flower whose oil is derived from species such as Roman Chamomile (sourced from France) and Wild Chamomile (pineapple weed). Chamomile extracts provide herbaceous, fruity, and calming notes. Roman Chamomile oil is especially suited for top notes in masculine perfumes, where it provides a heady, sweet-herbal diffusion of considerable radiance."
Pink Grapefruit,"A citrus note that is tart, sharp, and vibrant, often used in the top phase of a fragrance for freshness. Grapefruit is explicitly listed as a note alongside Bergamot in several compositions and is sometimes compared to a bitter citrus note."
Cranberry,"A fruity note that naturally contains appreciable amounts of benzoic acid (around 0.05%). Cranberry fruit extract is listed as a botanical ingredient for its skin conditioning and antioxidant properties."
Lily,"A floral note that often refers to **Lily-of-the-Valley (Muguet)** in perfumery. The light floral, sweet, and delicate scent of Muguet is often benchmarked by the synthetic floralizer Hydroxycitronellal. Lily-of-the-Valley is listed in the heart notes of several fragrances."
Peat,"An earthy base note that contributes to the dry, earthy, and mossy qualities of a fragrance. It is listed as a base note in the Oriental Woody fragrance Fragrance World Star Men Nebula, which features whiskey and vanilla."
Apricot flower,"A floral note associated with the Mediterranean Basin. The scent of Apricot flower, or related apricot nuance, is often recreated using compounds like Isobutavan, which has a sweet and creamy vanillic character reminiscent of white chocolate, cream soda, and apricot."
Vanilla Bourbon,"A specific, highly valued extract from the *Vanilla planifolia* orchid. This type of vanilla (Madagascan vanilla is a specific origin) delivers a rich, sweet, and powdery backbone essential for Oriental and Gourmand base compositions. Bourbon Vanilla absolute is extracted via SFE (Supercritical Fluid Extraction)."
White Sandalwood,"A prized woody base note known for its creamy, rich, woody, and milky aroma. It is a specific term sometimes used synonymously with Santal Blanc and Mysore Sandalwood, denoting high-quality Santalum album oil, which acts as an excellent fixative."
White Pepper,"A spice derived from the inner seed of the ripe *Piper nigrum* fruit. It has a sharp, piquant odor and is listed as a distinct note, with Penja Cameroon being a noted source in trade documents."
Madagascan vanilla,"Vanilla specifically sourced from Madagascar. The natural vanilla extract (*Vanilla planifolia* MADA SFE ABS) provides a rich, sweet, and powdery gourmand profile, used in base note compositions."
pink sugar,"A fantasy note listed under the **Sweets and Gourmand Smells** category. This note suggests confectionery, spun sugar, or cotton candy and is generally used in compositions that aim for a sweet and delectable effect."
inky notes,"A unique descriptor often used metaphorically for dark, sharp, or complex chemical accords. This profile is sometimes perceived in deep, smoky fragrances featuring notes of leather, smoky woods, and possibly synthetic components like Oud or certain phenolics."
Ink,"A note descriptor listed in the ""Natural and Synthetic, Popular and Weird"" category, suggesting a dark, synthetic, or chemical impression often perceived in complex compositions."
Red Apple,"A fruity note listed in the top notes of fragrances such as Zippo Original. It provides a fresh, sweet, and juicy facet, complementing spicy and citrus openings. The Green Apple note, similar in composition, is sometimes blended with hexenyl acetate."